{"count":1,"self":19540.95104,"total":55509.674452,"children":{"InitializeActuators":{"count":1,"self":0.001646,"total":0.001646,"children":null},"InitializeSensors":{"count":1,"self":0.0028409999999999998,"total":0.0028409999999999998,"children":null},"AgentSendState":{"count":2443467,"self":3.3349689999999996,"total":2433.276526,"children":{"CollectObservations":{"count":244347,"self":0.546171,"total":0.546171,"children":null},"WriteActionMask":{"count":244347,"self":0.12676199999999999,"total":0.12676199999999999,"children":null},"RequestDecision":{"count":244347,"self":1.115415,"total":2429.268624,"children":{"AgentInfo.ToProto":{"count":244347,"self":1.898818,"total":2428.153209,"children":{"GenerateSensorData":{"count":244347,"self":2426.254336,"total":2426.254391,"children":null}}}}}}},"DecideAction":{"count":2443467,"self":33414.9615616,"total":33414.961905,"children":null},"AgentAct":{"count":2443467,"self":14.252651199999999,"total":107.95060199999999,"children":{"AgentInfo.ToProto":{"count":9506,"self":0.074980999999999992,"total":93.697950999999989,"children":{"GenerateSensorData":{"count":9506,"self":93.62296959999999,"total":93.62297,"children":null}}}}},"AgentInfo.ToProto":{"count":1271,"self":0.009564,"total":12.529430999999999,"children":{"GenerateSensorData":{"count":1271,"self":12.5198672,"total":12.519867,"children":null}}}},"gauges":{"RollerBall.CumulativeReward":{"count":10777,"max":2,"min":-1,"runningAverage":0.8870745,"value":1,"weightedAverage":1.05276811}},"metadata":{"timer_format_version":"0.1.0","start_time_seconds":"1700992239","unity_version":"2021.3.29f1","command_line_arguments":"\/home\/jmk\/Unity\/Hub\/Editor\/2021.3.29f1\/Editor\/Unity -projectpath \/home\/jmk\/Documents\/GitHub\/RVLab-HUSKY -useHub -hubIPC -cloudEnvironment production -licensingIpc LicenseClient-jmk -hubSessionId d55a6807-ea90-431e-a0e9-f42e32354c2c -accessToken J1pl66mPpYk-G18ogsMNrrb-hPpaf4iMdS3QfKF0nKU00df","communication_protocol_version":"1.5.0","com.unity.ml-agents_version":"2.0.1","scene_name":"Roller_huksy_maze","end_time_seconds":"1701047749"}}