{"count":1,"self":21470.0244992,"total":24639.328685999997,"children":{"InitializeActuators":{"count":1,"self":0.001878,"total":0.001878,"children":null},"InitializeSensors":{"count":1,"self":0.001242,"total":0.001242,"children":null},"AgentSendState":{"count":2398234,"self":3.565844,"total":8.0154889999999988,"children":{"CollectObservations":{"count":239824,"self":0.55469499999999994,"total":0.55469499999999994,"children":null},"WriteActionMask":{"count":239824,"self":0.15692699999999998,"total":0.15692699999999998,"children":null},"RequestDecision":{"count":239824,"self":0.904349,"total":3.7380229999999997,"children":{"AgentInfo.ToProto":{"count":239824,"self":0.995172,"total":2.833674,"children":{"GenerateSensorData":{"count":239824,"self":1.8385019999999999,"total":1.8385019999999999,"children":null}}}}}}},"DecideAction":{"count":2398234,"self":1917.8954752,"total":1917.895413,"children":null},"AgentAct":{"count":2398234,"self":1243.3395712,"total":1243.34708,"children":{"AgentInfo.ToProto":{"count":609,"self":0.003159,"total":0.0075109999999999994,"children":{"GenerateSensorData":{"count":609,"self":0.004352,"total":0.004352,"children":null}}}}},"AgentInfo.ToProto":{"count":409,"self":0.0018789999999999998,"total":0.0048119999999999994,"children":{"GenerateSensorData":{"count":409,"self":0.002933,"total":0.002933,"children":null}}}},"gauges":{"Task1(goal).CumulativeReward":{"count":1018,"max":0.95,"min":-30.070591,"runningAverage":-23.5470676,"value":-30.0005913,"weightedAverage":-20.2890224}},"metadata":{"timer_format_version":"0.1.0","start_time_seconds":"1699170564","unity_version":"2021.3.29f1","command_line_arguments":"\/home\/jmk\/Unity\/Hub\/Editor\/2021.3.29f1\/Editor\/Unity -projectpath \/home\/jmk\/Documents\/GitHub\/RVLab-HUSKY -useHub -hubIPC -cloudEnvironment production -licensingIpc LicenseClient-jmk -hubSessionId b02e66d9-4d4e-44bd-a506-41835998e92d -accessToken VfJ6N_OrrvwGhOZPH0eqmqoQC5Not-icfg6rsFc9hqY00df","communication_protocol_version":"1.5.0","com.unity.ml-agents_version":"2.0.1","scene_name":"Task1(goal)","end_time_seconds":"1699195174"}}